collection_name,count
The Avengers Collection,4
Toy Story Collection,2
Practical Magic Collection,2
Spider-Man (MCU) Collection,2
Iron Man Collection,1
Zootopia Collection,1
Fall Collection,1
The Wild Robot Collection,1
PAW Patrol (Theatrical) Collection,1
The Lord of the Rings Collection,1
The Priests Collection,1
The Super Mario Collection,1
Jurassic Park Collection,1
Scary Movie Collection,1
Demon Slayer: Kimetsu no Yaiba Collection,1
Minions Collection,1
Ghost in the Cell Collection,1
Inside Out Collection,1
The Thundermans Collection,1
The Dark Knight Collection,1
Batman: Knightfall Collection,1
One Shot Collection,1
Despicable Me Collection,1
The Godfather Collection,1
Blade Runner Collection,1
Deadpool Collection,1
Spider-Man: Spider-Verse Collection,1
Harry Potter Collection,1
Dune Collection,1
Mad Max Collection,1
Avatar Collection,1
Michael Collection,1
Avatar Aang: The Last Airbender Collection,1
