,missing_count,missing_percentage
collection_id,60,60.61
collection_name,60,60.61
imdb_id,2,2.02
backdrop_path,2,2.02
overview,0,0.0
tagline,0,0.0
embedding_text,0,0.0
release_date,0,0.0
release_year,0,0.0
movie_id,0,0.0
original_title,0,0.0
title,0,0.0
runtime_minutes,0,0.0
origin_country,0,0.0
original_language,0,0.0
status,0,0.0
budget,0,0.0
genres,0,0.0
spoken_languages,0,0.0
production_countries,0,0.0
vote_average,0,0.0
popularity,0,0.0
revenue,0,0.0
vote_count,0,0.0
production_companies,0,0.0
homepage,0,0.0
poster_path,0,0.0
_source_file,0,0.0
